name,price
"
Low Expectations High Hope Printed Black T-shirt ","रू 1,200"
"
Low Expectations High Hope Printed Black T-shirt ","रू 1,200"
"
Low Expectations High Hope Printed Black T-shirt ","रू 1,200"
"
Low Expectations High Hope Printed Black T-shirt ","रू 1,200"
"
Low Expectations High Hope Printed Black T-shirt ","रू 1,200"
"
Low Expectations High Hope Printed Black T-shirt ","रू 1,200"
"
Low Expectations High Hope Printed Black T-shirt ","रू 1,200"
"
Low Expectations High Hope Printed Black T-shirt ","रू 1,200"
"
Low Expectations High Hope Printed Black T-shirt ","रू 1,200"
"
Low Expectations High Hope Printed Black T-shirt ","रू 1,200"
"
Low Expectations High Hope Printed Black T-shirt ","रू 1,200"
"
Low Expectations High Hope Printed Black T-shirt ","रू 1,200"
"
Low Expectations High Hope Printed Black T-shirt ","रू 1,200"
"
Low Expectations High Hope Printed Black T-shirt ","रू 1,200"
"
Low Expectations High Hope Printed Black T-shirt ","रू 1,200"
"
Low Expectations High Hope Printed Black T-shirt ","रू 1,200"
"
Low Expectations High Hope Printed Black T-shirt ","रू 1,200"
"
Low Expectations High Hope Printed Black T-shirt ","रू 1,200"
"
Low Expectations High Hope Printed Black T-shirt ","रू 1,200"
"
Low Expectations High Hope Printed Black T-shirt ","रू 1,200"
"
Low Expectations High Hope Printed Black T-shirt ","रू 1,200"
"
Low Expectations High Hope Printed Black T-shirt ","रू 1,200"
"
Low Expectations High Hope Printed Black T-shirt ","रू 1,200"
"
Low Expectations High Hope Printed Black T-shirt ","रू 1,200"
"
Low Expectations High Hope Printed Black T-shirt ","रू 1,200"
"
Low Expectations High Hope Printed Black T-shirt ","रू 1,200"
"
Low Expectations High Hope Printed Black T-shirt ","रू 1,200"
"
Low Expectations High Hope Printed Black T-shirt ","रू 1,200"
"
Low Expectations High Hope Printed Black T-shirt ","रू 1,200"
"
Low Expectations High Hope Printed Black T-shirt ","रू 1,200"
"
Low Expectations High Hope Printed Black T-shirt ","रू 1,200"
"
Low Expectations High Hope Printed Black T-shirt ","रू 1,200"
"
Low Expectations High Hope Printed Black T-shirt ","रू 1,200"
"
Low Expectations High Hope Printed Black T-shirt ","रू 1,200"
"
Low Expectations High Hope Printed Black T-shirt ","रू 1,200"
"
Low Expectations High Hope Printed Black T-shirt ","रू 1,200"
"
 Hills & Clouds Signature Joggers For Men (Black) ","रू 2,200"
"
 Hills & Clouds Signature Joggers For Men (Black) ","रू 2,200"
"
 Hills & Clouds Signature Joggers For Men (Black) ","रू 2,200"
"
 Hills & Clouds Signature Joggers For Men (Black) ","रू 2,200"
"
 Hills & Clouds Signature Joggers For Men (Black) ","रू 2,200"
"
 Hills & Clouds Signature Joggers For Men (Black) ","रू 2,200"
"
 Hills & Clouds Signature Joggers For Men (Black) ","रू 2,200"
"
 Hills & Clouds Signature Joggers For Men (Black) ","रू 2,200"
"
 Hills & Clouds Signature Joggers For Men (Black) ","रू 2,200"
"
 Hills & Clouds Signature Joggers For Men (Black) ","रू 2,200"
"
 Hills & Clouds Signature Joggers For Men (Black) ","रू 2,200"
"
 Hills & Clouds Signature Joggers For Men (Black) ","रू 2,200"
"
 Hills & Clouds Signature Joggers For Men (Black) ","रू 2,200"
"
 Hills & Clouds Signature Joggers For Men (Black) ","रू 2,200"
"
 Hills & Clouds Signature Joggers For Men (Black) ","रू 2,200"
"
 Hills & Clouds Signature Joggers For Men (Black) ","रू 2,200"
"
 Hills & Clouds Signature Joggers For Men (Black) ","रू 2,200"
"
 Hills & Clouds Signature Joggers For Men (Black) ","रू 2,200"
"
 Hills & Clouds Signature Joggers For Men (Black) ","रू 2,200"
"
 Hills & Clouds Signature Joggers For Men (Black) ","रू 2,200"
"
 Hills & Clouds Signature Joggers For Men (Black) ","रू 2,200"
"
 Hills & Clouds Signature Joggers For Men (Black) ","रू 2,200"
"
 Hills & Clouds Signature Joggers For Men (Black) ","रू 2,200"
"
 Hills & Clouds Signature Joggers For Men (Black) ","रू 2,200"
"
 Hills & Clouds Signature Joggers For Men (Black) ","रू 2,200"
"
 Hills & Clouds Signature Joggers For Men (Black) ","रू 2,200"
"
 Hills & Clouds Signature Joggers For Men (Black) ","रू 2,200"
"
 Hills & Clouds Signature Joggers For Men (Black) ","रू 2,200"
"
 Hills & Clouds Signature Joggers For Men (Black) ","रू 2,200"
"
 Hills & Clouds Signature Joggers For Men (Black) ","रू 2,200"
"
 Hills & Clouds Signature Joggers For Men (Black) ","रू 2,200"
"
 Hills & Clouds Signature Joggers For Men (Black) ","रू 2,200"
"
 Hills & Clouds Signature Joggers For Men (Black) ","रू 2,200"
"
 Hills & Clouds Signature Joggers For Men (Black) ","रू 2,200"
"
 Hills & Clouds Signature Joggers For Men (Black) ","रू 2,200"
"
 Hills & Clouds Signature Joggers For Men (Black) ","रू 2,200"
"
COMBO OF 3 PCS TROUSER ","रू 1,490"
"
COMBO OF 3 PCS TROUSER ","रू 1,490"
"
COMBO OF 3 PCS TROUSER ","रू 1,490"
"
COMBO OF 3 PCS TROUSER ","रू 1,490"
"
COMBO OF 3 PCS TROUSER ","रू 1,490"
"
COMBO OF 3 PCS TROUSER ","रू 1,490"
"
COMBO OF 3 PCS TROUSER ","रू 1,490"
"
COMBO OF 3 PCS TROUSER ","रू 1,490"
"
COMBO OF 3 PCS TROUSER ","रू 1,490"
"
COMBO OF 3 PCS TROUSER ","रू 1,490"
"
COMBO OF 3 PCS TROUSER ","रू 1,490"
"
COMBO OF 3 PCS TROUSER ","रू 1,490"
"
COMBO OF 3 PCS TROUSER ","रू 1,490"
"
COMBO OF 3 PCS TROUSER ","रू 1,490"
"
COMBO OF 3 PCS TROUSER ","रू 1,490"
"
COMBO OF 3 PCS TROUSER ","रू 1,490"
"
COMBO OF 3 PCS TROUSER ","रू 1,490"
"
COMBO OF 3 PCS TROUSER ","रू 1,490"
"
COMBO OF 3 PCS TROUSER ","रू 1,490"
"
COMBO OF 3 PCS TROUSER ","रू 1,490"
"
COMBO OF 3 PCS TROUSER ","रू 1,490"
"
COMBO OF 3 PCS TROUSER ","रू 1,490"
"
COMBO OF 3 PCS TROUSER ","रू 1,490"
"
COMBO OF 3 PCS TROUSER ","रू 1,490"
"
COMBO OF 3 PCS TROUSER ","रू 1,490"
"
COMBO OF 3 PCS TROUSER ","रू 1,490"
"
COMBO OF 3 PCS TROUSER ","रू 1,490"
"
COMBO OF 3 PCS TROUSER ","रू 1,490"
"
COMBO OF 3 PCS TROUSER ","रू 1,490"
"
COMBO OF 3 PCS TROUSER ","रू 1,490"
"
COMBO OF 3 PCS TROUSER ","रू 1,490"
"
COMBO OF 3 PCS TROUSER ","रू 1,490"
"
COMBO OF 3 PCS TROUSER ","रू 1,490"
"
COMBO OF 3 PCS TROUSER ","रू 1,490"
"
COMBO OF 3 PCS TROUSER ","रू 1,490"
"
COMBO OF 3 PCS TROUSER ","रू 1,490"
"
Orange And Black Colour Windcheater-Orange-M ","रू 1,400"
"
Orange And Black Colour Windcheater-Orange-M ","रू 1,400"
"
Orange And Black Colour Windcheater-Orange-M ","रू 1,400"
"
Orange And Black Colour Windcheater-Orange-M ","रू 1,400"
"
Orange And Black Colour Windcheater-Orange-M ","रू 1,400"
"
Orange And Black Colour Windcheater-Orange-M ","रू 1,400"
"
Orange And Black Colour Windcheater-Orange-M ","रू 1,400"
"
Orange And Black Colour Windcheater-Orange-M ","रू 1,400"
"
Orange And Black Colour Windcheater-Orange-M ","रू 1,400"
"
Orange And Black Colour Windcheater-Orange-M ","रू 1,400"
"
Orange And Black Colour Windcheater-Orange-M ","रू 1,400"
"
Orange And Black Colour Windcheater-Orange-M ","रू 1,400"
"
Orange And Black Colour Windcheater-Orange-M ","रू 1,400"
"
Orange And Black Colour Windcheater-Orange-M ","रू 1,400"
"
Orange And Black Colour Windcheater-Orange-M ","रू 1,400"
"
Orange And Black Colour Windcheater-Orange-M ","रू 1,400"
"
Orange And Black Colour Windcheater-Orange-M ","रू 1,400"
"
Orange And Black Colour Windcheater-Orange-M ","रू 1,400"
"
Orange And Black Colour Windcheater-Orange-M ","रू 1,400"
"
Orange And Black Colour Windcheater-Orange-M ","रू 1,400"
"
Orange And Black Colour Windcheater-Orange-M ","रू 1,400"
"
Orange And Black Colour Windcheater-Orange-M ","रू 1,400"
"
Orange And Black Colour Windcheater-Orange-M ","रू 1,400"
"
Orange And Black Colour Windcheater-Orange-M ","रू 1,400"
"
Orange And Black Colour Windcheater-Orange-M ","रू 1,400"
"
Orange And Black Colour Windcheater-Orange-M ","रू 1,400"
"
Orange And Black Colour Windcheater-Orange-M ","रू 1,400"
"
Orange And Black Colour Windcheater-Orange-M ","रू 1,400"
"
Orange And Black Colour Windcheater-Orange-M ","रू 1,400"
"
Orange And Black Colour Windcheater-Orange-M ","रू 1,400"
"
Orange And Black Colour Windcheater-Orange-M ","रू 1,400"
"
Orange And Black Colour Windcheater-Orange-M ","रू 1,400"
"
Orange And Black Colour Windcheater-Orange-M ","रू 1,400"
"
Orange And Black Colour Windcheater-Orange-M ","रू 1,400"
"
Orange And Black Colour Windcheater-Orange-M ","रू 1,400"
"
Orange And Black Colour Windcheater-Orange-M ","रू 1,400"
"
Hills & Clouds Graphic Series White T-Shirt [Aham Bramasmi (Skull)] ",रू 899
"
Hills & Clouds Graphic Series White T-Shirt [Aham Bramasmi (Skull)] ",रू 899
"
Hills & Clouds Graphic Series White T-Shirt [Aham Bramasmi (Skull)] ",रू 899
"
Hills & Clouds Graphic Series White T-Shirt [Aham Bramasmi (Skull)] ",रू 899
"
Hills & Clouds Graphic Series White T-Shirt [Aham Bramasmi (Skull)] ",रू 899
"
Hills & Clouds Graphic Series White T-Shirt [Aham Bramasmi (Skull)] ",रू 899
"
Hills & Clouds Graphic Series White T-Shirt [Aham Bramasmi (Skull)] ",रू 899
"
Hills & Clouds Graphic Series White T-Shirt [Aham Bramasmi (Skull)] ",रू 899
"
Hills & Clouds Graphic Series White T-Shirt [Aham Bramasmi (Skull)] ",रू 899
"
Hills & Clouds Graphic Series White T-Shirt [Aham Bramasmi (Skull)] ",रू 899
"
Hills & Clouds Graphic Series White T-Shirt [Aham Bramasmi (Skull)] ",रू 899
"
Hills & Clouds Graphic Series White T-Shirt [Aham Bramasmi (Skull)] ",रू 899
"
Hills & Clouds Graphic Series White T-Shirt [Aham Bramasmi (Skull)] ",रू 899
"
Hills & Clouds Graphic Series White T-Shirt [Aham Bramasmi (Skull)] ",रू 899
"
Hills & Clouds Graphic Series White T-Shirt [Aham Bramasmi (Skull)] ",रू 899
"
Hills & Clouds Graphic Series White T-Shirt [Aham Bramasmi (Skull)] ",रू 899
"
Hills & Clouds Graphic Series White T-Shirt [Aham Bramasmi (Skull)] ",रू 899
"
Hills & Clouds Graphic Series White T-Shirt [Aham Bramasmi (Skull)] ",रू 899
"
Hills & Clouds Graphic Series White T-Shirt [Aham Bramasmi (Skull)] ",रू 899
"
Hills & Clouds Graphic Series White T-Shirt [Aham Bramasmi (Skull)] ",रू 899
"
Hills & Clouds Graphic Series White T-Shirt [Aham Bramasmi (Skull)] ",रू 899
"
Hills & Clouds Graphic Series White T-Shirt [Aham Bramasmi (Skull)] ",रू 899
"
Hills & Clouds Graphic Series White T-Shirt [Aham Bramasmi (Skull)] ",रू 899
"
Hills & Clouds Graphic Series White T-Shirt [Aham Bramasmi (Skull)] ",रू 899
"
Hills & Clouds Graphic Series White T-Shirt [Aham Bramasmi (Skull)] ",रू 899
"
Hills & Clouds Graphic Series White T-Shirt [Aham Bramasmi (Skull)] ",रू 899
"
Hills & Clouds Graphic Series White T-Shirt [Aham Bramasmi (Skull)] ",रू 899
"
Hills & Clouds Graphic Series White T-Shirt [Aham Bramasmi (Skull)] ",रू 899
"
Hills & Clouds Graphic Series White T-Shirt [Aham Bramasmi (Skull)] ",रू 899
"
Hills & Clouds Graphic Series White T-Shirt [Aham Bramasmi (Skull)] ",रू 899
"
Hills & Clouds Graphic Series White T-Shirt [Aham Bramasmi (Skull)] ",रू 899
"
Hills & Clouds Graphic Series White T-Shirt [Aham Bramasmi (Skull)] ",रू 899
"
Hills & Clouds Graphic Series White T-Shirt [Aham Bramasmi (Skull)] ",रू 899
"
Hills & Clouds Graphic Series White T-Shirt [Aham Bramasmi (Skull)] ",रू 899
"
Hills & Clouds Graphic Series White T-Shirt [Aham Bramasmi (Skull)] ",रू 899
"
Hills & Clouds Graphic Series White T-Shirt [Aham Bramasmi (Skull)] ",रू 899
"
Pack Of 2 Comfortable Close Skin Boxer(Color May Vary) For Men By Bajrang ",रू 830
"
Pack Of 2 Comfortable Close Skin Boxer(Color May Vary) For Men By Bajrang ",रू 830
"
Pack Of 2 Comfortable Close Skin Boxer(Color May Vary) For Men By Bajrang ",रू 830
"
Pack Of 2 Comfortable Close Skin Boxer(Color May Vary) For Men By Bajrang ",रू 830
"
Pack Of 2 Comfortable Close Skin Boxer(Color May Vary) For Men By Bajrang ",रू 830
"
Pack Of 2 Comfortable Close Skin Boxer(Color May Vary) For Men By Bajrang ",रू 830
"
Pack Of 2 Comfortable Close Skin Boxer(Color May Vary) For Men By Bajrang ",रू 830
"
Pack Of 2 Comfortable Close Skin Boxer(Color May Vary) For Men By Bajrang ",रू 830
"
Pack Of 2 Comfortable Close Skin Boxer(Color May Vary) For Men By Bajrang ",रू 830
"
Pack Of 2 Comfortable Close Skin Boxer(Color May Vary) For Men By Bajrang ",रू 830
"
Pack Of 2 Comfortable Close Skin Boxer(Color May Vary) For Men By Bajrang ",रू 830
"
Pack Of 2 Comfortable Close Skin Boxer(Color May Vary) For Men By Bajrang ",रू 830
"
Pack Of 2 Comfortable Close Skin Boxer(Color May Vary) For Men By Bajrang ",रू 830
"
Pack Of 2 Comfortable Close Skin Boxer(Color May Vary) For Men By Bajrang ",रू 830
"
Pack Of 2 Comfortable Close Skin Boxer(Color May Vary) For Men By Bajrang ",रू 830
"
Pack Of 2 Comfortable Close Skin Boxer(Color May Vary) For Men By Bajrang ",रू 830
"
Pack Of 2 Comfortable Close Skin Boxer(Color May Vary) For Men By Bajrang ",रू 830
"
Pack Of 2 Comfortable Close Skin Boxer(Color May Vary) For Men By Bajrang ",रू 830
"
Pack Of 2 Comfortable Close Skin Boxer(Color May Vary) For Men By Bajrang ",रू 830
"
Pack Of 2 Comfortable Close Skin Boxer(Color May Vary) For Men By Bajrang ",रू 830
"
Pack Of 2 Comfortable Close Skin Boxer(Color May Vary) For Men By Bajrang ",रू 830
"
Pack Of 2 Comfortable Close Skin Boxer(Color May Vary) For Men By Bajrang ",रू 830
"
Pack Of 2 Comfortable Close Skin Boxer(Color May Vary) For Men By Bajrang ",रू 830
"
Pack Of 2 Comfortable Close Skin Boxer(Color May Vary) For Men By Bajrang ",रू 830
"
Pack Of 2 Comfortable Close Skin Boxer(Color May Vary) For Men By Bajrang ",रू 830
"
Pack Of 2 Comfortable Close Skin Boxer(Color May Vary) For Men By Bajrang ",रू 830
"
Pack Of 2 Comfortable Close Skin Boxer(Color May Vary) For Men By Bajrang ",रू 830
"
Pack Of 2 Comfortable Close Skin Boxer(Color May Vary) For Men By Bajrang ",रू 830
"
Pack Of 2 Comfortable Close Skin Boxer(Color May Vary) For Men By Bajrang ",रू 830
"
Pack Of 2 Comfortable Close Skin Boxer(Color May Vary) For Men By Bajrang ",रू 830
"
Pack Of 2 Comfortable Close Skin Boxer(Color May Vary) For Men By Bajrang ",रू 830
"
Pack Of 2 Comfortable Close Skin Boxer(Color May Vary) For Men By Bajrang ",रू 830
"
Pack Of 2 Comfortable Close Skin Boxer(Color May Vary) For Men By Bajrang ",रू 830
"
Pack Of 2 Comfortable Close Skin Boxer(Color May Vary) For Men By Bajrang ",रू 830
"
Pack Of 2 Comfortable Close Skin Boxer(Color May Vary) For Men By Bajrang ",रू 830
"
Pack Of 2 Comfortable Close Skin Boxer(Color May Vary) For Men By Bajrang ",रू 830
"
Musturd Yellow Hoodie And Trouser Set - CMS 24 ","रू 1,499"
"
Musturd Yellow Hoodie And Trouser Set - CMS 24 ","रू 1,499"
"
Musturd Yellow Hoodie And Trouser Set - CMS 24 ","रू 1,499"
"
Musturd Yellow Hoodie And Trouser Set - CMS 24 ","रू 1,499"
"
Musturd Yellow Hoodie And Trouser Set - CMS 24 ","रू 1,499"
"
Musturd Yellow Hoodie And Trouser Set - CMS 24 ","रू 1,499"
"
Musturd Yellow Hoodie And Trouser Set - CMS 24 ","रू 1,499"
"
Musturd Yellow Hoodie And Trouser Set - CMS 24 ","रू 1,499"
"
Musturd Yellow Hoodie And Trouser Set - CMS 24 ","रू 1,499"
"
Musturd Yellow Hoodie And Trouser Set - CMS 24 ","रू 1,499"
"
Musturd Yellow Hoodie And Trouser Set - CMS 24 ","रू 1,499"
"
Musturd Yellow Hoodie And Trouser Set - CMS 24 ","रू 1,499"
"
Musturd Yellow Hoodie And Trouser Set - CMS 24 ","रू 1,499"
"
Musturd Yellow Hoodie And Trouser Set - CMS 24 ","रू 1,499"
"
Musturd Yellow Hoodie And Trouser Set - CMS 24 ","रू 1,499"
"
Musturd Yellow Hoodie And Trouser Set - CMS 24 ","रू 1,499"
"
Musturd Yellow Hoodie And Trouser Set - CMS 24 ","रू 1,499"
"
Musturd Yellow Hoodie And Trouser Set - CMS 24 ","रू 1,499"
"
Musturd Yellow Hoodie And Trouser Set - CMS 24 ","रू 1,499"
"
Musturd Yellow Hoodie And Trouser Set - CMS 24 ","रू 1,499"
"
Musturd Yellow Hoodie And Trouser Set - CMS 24 ","रू 1,499"
"
Musturd Yellow Hoodie And Trouser Set - CMS 24 ","रू 1,499"
"
Musturd Yellow Hoodie And Trouser Set - CMS 24 ","रू 1,499"
"
Musturd Yellow Hoodie And Trouser Set - CMS 24 ","रू 1,499"
"
Musturd Yellow Hoodie And Trouser Set - CMS 24 ","रू 1,499"
"
Musturd Yellow Hoodie And Trouser Set - CMS 24 ","रू 1,499"
"
Musturd Yellow Hoodie And Trouser Set - CMS 24 ","रू 1,499"
"
Musturd Yellow Hoodie And Trouser Set - CMS 24 ","रू 1,499"
"
Musturd Yellow Hoodie And Trouser Set - CMS 24 ","रू 1,499"
"
Musturd Yellow Hoodie And Trouser Set - CMS 24 ","रू 1,499"
"
Musturd Yellow Hoodie And Trouser Set - CMS 24 ","रू 1,499"
"
Musturd Yellow Hoodie And Trouser Set - CMS 24 ","रू 1,499"
"
Musturd Yellow Hoodie And Trouser Set - CMS 24 ","रू 1,499"
"
Musturd Yellow Hoodie And Trouser Set - CMS 24 ","रू 1,499"
"
Musturd Yellow Hoodie And Trouser Set - CMS 24 ","रू 1,499"
"
Musturd Yellow Hoodie And Trouser Set - CMS 24 ","रू 1,499"
"
Army Green Winter Trouser For Men ","रू 2,200"
"
Army Green Winter Trouser For Men ","रू 2,200"
"
Army Green Winter Trouser For Men ","रू 2,200"
"
Army Green Winter Trouser For Men ","रू 2,200"
"
Army Green Winter Trouser For Men ","रू 2,200"
"
Army Green Winter Trouser For Men ","रू 2,200"
"
Army Green Winter Trouser For Men ","रू 2,200"
"
Army Green Winter Trouser For Men ","रू 2,200"
"
Army Green Winter Trouser For Men ","रू 2,200"
"
Army Green Winter Trouser For Men ","रू 2,200"
"
Army Green Winter Trouser For Men ","रू 2,200"
"
Army Green Winter Trouser For Men ","रू 2,200"
"
Army Green Winter Trouser For Men ","रू 2,200"
"
Army Green Winter Trouser For Men ","रू 2,200"
"
Army Green Winter Trouser For Men ","रू 2,200"
"
Army Green Winter Trouser For Men ","रू 2,200"
"
Army Green Winter Trouser For Men ","रू 2,200"
"
Army Green Winter Trouser For Men ","रू 2,200"
"
Army Green Winter Trouser For Men ","रू 2,200"
"
Army Green Winter Trouser For Men ","रू 2,200"
"
Army Green Winter Trouser For Men ","रू 2,200"
"
Army Green Winter Trouser For Men ","रू 2,200"
"
Army Green Winter Trouser For Men ","रू 2,200"
"
Army Green Winter Trouser For Men ","रू 2,200"
"
Army Green Winter Trouser For Men ","रू 2,200"
"
Army Green Winter Trouser For Men ","रू 2,200"
"
Army Green Winter Trouser For Men ","रू 2,200"
"
Army Green Winter Trouser For Men ","रू 2,200"
"
Army Green Winter Trouser For Men ","रू 2,200"
"
Army Green Winter Trouser For Men ","रू 2,200"
"
Army Green Winter Trouser For Men ","रू 2,200"
"
Army Green Winter Trouser For Men ","रू 2,200"
"
Army Green Winter Trouser For Men ","रू 2,200"
"
Army Green Winter Trouser For Men ","रू 2,200"
"
Army Green Winter Trouser For Men ","रू 2,200"
"
Army Green Winter Trouser For Men ","रू 2,200"
"
Winter New Fashion Long Sleeve Fur Hooded For Men By Bajrang Blue ","रू 2,450"
"
Winter New Fashion Long Sleeve Fur Hooded For Men By Bajrang Blue ","रू 2,450"
"
Winter New Fashion Long Sleeve Fur Hooded For Men By Bajrang Blue ","रू 2,450"
"
Winter New Fashion Long Sleeve Fur Hooded For Men By Bajrang Blue ","रू 2,450"
"
Winter New Fashion Long Sleeve Fur Hooded For Men By Bajrang Blue ","रू 2,450"
"
Winter New Fashion Long Sleeve Fur Hooded For Men By Bajrang Blue ","रू 2,450"
"
Winter New Fashion Long Sleeve Fur Hooded For Men By Bajrang Blue ","रू 2,450"
"
Winter New Fashion Long Sleeve Fur Hooded For Men By Bajrang Blue ","रू 2,450"
"
Winter New Fashion Long Sleeve Fur Hooded For Men By Bajrang Blue ","रू 2,450"
"
Winter New Fashion Long Sleeve Fur Hooded For Men By Bajrang Blue ","रू 2,450"
"
Winter New Fashion Long Sleeve Fur Hooded For Men By Bajrang Blue ","रू 2,450"
"
Winter New Fashion Long Sleeve Fur Hooded For Men By Bajrang Blue ","रू 2,450"
"
Winter New Fashion Long Sleeve Fur Hooded For Men By Bajrang Blue ","रू 2,450"
"
Winter New Fashion Long Sleeve Fur Hooded For Men By Bajrang Blue ","रू 2,450"
"
Winter New Fashion Long Sleeve Fur Hooded For Men By Bajrang Blue ","रू 2,450"
"
Winter New Fashion Long Sleeve Fur Hooded For Men By Bajrang Blue ","रू 2,450"
"
Winter New Fashion Long Sleeve Fur Hooded For Men By Bajrang Blue ","रू 2,450"
"
Winter New Fashion Long Sleeve Fur Hooded For Men By Bajrang Blue ","रू 2,450"
"
Winter New Fashion Long Sleeve Fur Hooded For Men By Bajrang Blue ","रू 2,450"
"
Winter New Fashion Long Sleeve Fur Hooded For Men By Bajrang Blue ","रू 2,450"
"
Winter New Fashion Long Sleeve Fur Hooded For Men By Bajrang Blue ","रू 2,450"
"
Winter New Fashion Long Sleeve Fur Hooded For Men By Bajrang Blue ","रू 2,450"
"
Winter New Fashion Long Sleeve Fur Hooded For Men By Bajrang Blue ","रू 2,450"
"
Winter New Fashion Long Sleeve Fur Hooded For Men By Bajrang Blue ","रू 2,450"
"
Winter New Fashion Long Sleeve Fur Hooded For Men By Bajrang Blue ","रू 2,450"
"
Winter New Fashion Long Sleeve Fur Hooded For Men By Bajrang Blue ","रू 2,450"
"
Winter New Fashion Long Sleeve Fur Hooded For Men By Bajrang Blue ","रू 2,450"
"
Winter New Fashion Long Sleeve Fur Hooded For Men By Bajrang Blue ","रू 2,450"
"
Winter New Fashion Long Sleeve Fur Hooded For Men By Bajrang Blue ","रू 2,450"
"
Winter New Fashion Long Sleeve Fur Hooded For Men By Bajrang Blue ","रू 2,450"
"
Winter New Fashion Long Sleeve Fur Hooded For Men By Bajrang Blue ","रू 2,450"
"
Winter New Fashion Long Sleeve Fur Hooded For Men By Bajrang Blue ","रू 2,450"
"
Winter New Fashion Long Sleeve Fur Hooded For Men By Bajrang Blue ","रू 2,450"
"
Winter New Fashion Long Sleeve Fur Hooded For Men By Bajrang Blue ","रू 2,450"
"
Winter New Fashion Long Sleeve Fur Hooded For Men By Bajrang Blue ","रू 2,450"
"
Winter New Fashion Long Sleeve Fur Hooded For Men By Bajrang Blue ","रू 2,450"
"
Cotton Sweatpants/Gym/Jogging Trouser For Men By Bajrang ",रू 700
"
Cotton Sweatpants/Gym/Jogging Trouser For Men By Bajrang ",रू 700
"
Cotton Sweatpants/Gym/Jogging Trouser For Men By Bajrang ",रू 700
"
Cotton Sweatpants/Gym/Jogging Trouser For Men By Bajrang ",रू 700
"
Cotton Sweatpants/Gym/Jogging Trouser For Men By Bajrang ",रू 700
"
Cotton Sweatpants/Gym/Jogging Trouser For Men By Bajrang ",रू 700
"
Cotton Sweatpants/Gym/Jogging Trouser For Men By Bajrang ",रू 700
"
Cotton Sweatpants/Gym/Jogging Trouser For Men By Bajrang ",रू 700
"
Cotton Sweatpants/Gym/Jogging Trouser For Men By Bajrang ",रू 700
"
Cotton Sweatpants/Gym/Jogging Trouser For Men By Bajrang ",रू 700
"
Cotton Sweatpants/Gym/Jogging Trouser For Men By Bajrang ",रू 700
"
Cotton Sweatpants/Gym/Jogging Trouser For Men By Bajrang ",रू 700
"
Cotton Sweatpants/Gym/Jogging Trouser For Men By Bajrang ",रू 700
"
Cotton Sweatpants/Gym/Jogging Trouser For Men By Bajrang ",रू 700
"
Cotton Sweatpants/Gym/Jogging Trouser For Men By Bajrang ",रू 700
"
Cotton Sweatpants/Gym/Jogging Trouser For Men By Bajrang ",रू 700
"
Cotton Sweatpants/Gym/Jogging Trouser For Men By Bajrang ",रू 700
"
Cotton Sweatpants/Gym/Jogging Trouser For Men By Bajrang ",रू 700
"
Cotton Sweatpants/Gym/Jogging Trouser For Men By Bajrang ",रू 700
"
Cotton Sweatpants/Gym/Jogging Trouser For Men By Bajrang ",रू 700
"
Cotton Sweatpants/Gym/Jogging Trouser For Men By Bajrang ",रू 700
"
Cotton Sweatpants/Gym/Jogging Trouser For Men By Bajrang ",रू 700
"
Cotton Sweatpants/Gym/Jogging Trouser For Men By Bajrang ",रू 700
"
Cotton Sweatpants/Gym/Jogging Trouser For Men By Bajrang ",रू 700
"
Cotton Sweatpants/Gym/Jogging Trouser For Men By Bajrang ",रू 700
"
Cotton Sweatpants/Gym/Jogging Trouser For Men By Bajrang ",रू 700
"
Cotton Sweatpants/Gym/Jogging Trouser For Men By Bajrang ",रू 700
"
Cotton Sweatpants/Gym/Jogging Trouser For Men By Bajrang ",रू 700
"
Cotton Sweatpants/Gym/Jogging Trouser For Men By Bajrang ",रू 700
"
Cotton Sweatpants/Gym/Jogging Trouser For Men By Bajrang ",रू 700
"
Cotton Sweatpants/Gym/Jogging Trouser For Men By Bajrang ",रू 700
"
Cotton Sweatpants/Gym/Jogging Trouser For Men By Bajrang ",रू 700
"
Cotton Sweatpants/Gym/Jogging Trouser For Men By Bajrang ",रू 700
"
Cotton Sweatpants/Gym/Jogging Trouser For Men By Bajrang ",रू 700
"
Cotton Sweatpants/Gym/Jogging Trouser For Men By Bajrang ",रू 700
"
Cotton Sweatpants/Gym/Jogging Trouser For Men By Bajrang ",रू 700
"
Boomber Jacket For Men  ","रू 2,500"
"
Boomber Jacket For Men  ","रू 2,500"
"
Boomber Jacket For Men  ","रू 2,500"
"
Boomber Jacket For Men  ","रू 2,500"
"
Boomber Jacket For Men  ","रू 2,500"
"
Boomber Jacket For Men  ","रू 2,500"
"
Boomber Jacket For Men  ","रू 2,500"
"
Boomber Jacket For Men  ","रू 2,500"
"
Boomber Jacket For Men  ","रू 2,500"
"
Boomber Jacket For Men  ","रू 2,500"
"
Boomber Jacket For Men  ","रू 2,500"
"
Boomber Jacket For Men  ","रू 2,500"
"
Boomber Jacket For Men  ","रू 2,500"
"
Boomber Jacket For Men  ","रू 2,500"
"
Boomber Jacket For Men  ","रू 2,500"
"
Boomber Jacket For Men  ","रू 2,500"
"
Boomber Jacket For Men  ","रू 2,500"
"
Boomber Jacket For Men  ","रू 2,500"
"
Boomber Jacket For Men  ","रू 2,500"
"
Boomber Jacket For Men  ","रू 2,500"
"
Boomber Jacket For Men  ","रू 2,500"
"
Boomber Jacket For Men  ","रू 2,500"
"
Boomber Jacket For Men  ","रू 2,500"
"
Boomber Jacket For Men  ","रू 2,500"
"
Boomber Jacket For Men  ","रू 2,500"
"
Boomber Jacket For Men  ","रू 2,500"
"
Boomber Jacket For Men  ","रू 2,500"
"
Boomber Jacket For Men  ","रू 2,500"
"
Boomber Jacket For Men  ","रू 2,500"
"
Boomber Jacket For Men  ","रू 2,500"
"
Boomber Jacket For Men  ","रू 2,500"
"
Boomber Jacket For Men  ","रू 2,500"
"
Boomber Jacket For Men  ","रू 2,500"
"
Boomber Jacket For Men  ","रू 2,500"
"
Boomber Jacket For Men  ","रू 2,500"
"
Boomber Jacket For Men  ","रू 2,500"
"
Men Wincheater By Bajrang Fashion - BFJ-05 ","रू 2,200"
"
Men Wincheater By Bajrang Fashion - BFJ-05 ","रू 2,200"
"
Men Wincheater By Bajrang Fashion - BFJ-05 ","रू 2,200"
"
Men Wincheater By Bajrang Fashion - BFJ-05 ","रू 2,200"
"
Men Wincheater By Bajrang Fashion - BFJ-05 ","रू 2,200"
"
Men Wincheater By Bajrang Fashion - BFJ-05 ","रू 2,200"
"
Men Wincheater By Bajrang Fashion - BFJ-05 ","रू 2,200"
"
Men Wincheater By Bajrang Fashion - BFJ-05 ","रू 2,200"
"
Men Wincheater By Bajrang Fashion - BFJ-05 ","रू 2,200"
"
Men Wincheater By Bajrang Fashion - BFJ-05 ","रू 2,200"
"
Men Wincheater By Bajrang Fashion - BFJ-05 ","रू 2,200"
"
Men Wincheater By Bajrang Fashion - BFJ-05 ","रू 2,200"
"
Men Wincheater By Bajrang Fashion - BFJ-05 ","रू 2,200"
"
Men Wincheater By Bajrang Fashion - BFJ-05 ","रू 2,200"
"
Men Wincheater By Bajrang Fashion - BFJ-05 ","रू 2,200"
"
Men Wincheater By Bajrang Fashion - BFJ-05 ","रू 2,200"
"
Men Wincheater By Bajrang Fashion - BFJ-05 ","रू 2,200"
"
Men Wincheater By Bajrang Fashion - BFJ-05 ","रू 2,200"
"
Men Wincheater By Bajrang Fashion - BFJ-05 ","रू 2,200"
"
Men Wincheater By Bajrang Fashion - BFJ-05 ","रू 2,200"
"
Men Wincheater By Bajrang Fashion - BFJ-05 ","रू 2,200"
"
Men Wincheater By Bajrang Fashion - BFJ-05 ","रू 2,200"
"
Men Wincheater By Bajrang Fashion - BFJ-05 ","रू 2,200"
"
Men Wincheater By Bajrang Fashion - BFJ-05 ","रू 2,200"
"
Men Wincheater By Bajrang Fashion - BFJ-05 ","रू 2,200"
"
Men Wincheater By Bajrang Fashion - BFJ-05 ","रू 2,200"
"
Men Wincheater By Bajrang Fashion - BFJ-05 ","रू 2,200"
"
Men Wincheater By Bajrang Fashion - BFJ-05 ","रू 2,200"
"
Men Wincheater By Bajrang Fashion - BFJ-05 ","रू 2,200"
"
Men Wincheater By Bajrang Fashion - BFJ-05 ","रू 2,200"
"
Men Wincheater By Bajrang Fashion - BFJ-05 ","रू 2,200"
"
Men Wincheater By Bajrang Fashion - BFJ-05 ","रू 2,200"
"
Men Wincheater By Bajrang Fashion - BFJ-05 ","रू 2,200"
"
Men Wincheater By Bajrang Fashion - BFJ-05 ","रू 2,200"
"
Men Wincheater By Bajrang Fashion - BFJ-05 ","रू 2,200"
"
Men Wincheater By Bajrang Fashion - BFJ-05 ","रू 2,200"
"
Men Baseball Jacket Orange  ","रू 2,400"
"
Men Baseball Jacket Orange  ","रू 2,400"
"
Men Baseball Jacket Orange  ","रू 2,400"
"
Men Baseball Jacket Orange  ","रू 2,400"
"
Men Baseball Jacket Orange  ","रू 2,400"
"
Men Baseball Jacket Orange  ","रू 2,400"
"
Men Baseball Jacket Orange  ","रू 2,400"
"
Men Baseball Jacket Orange  ","रू 2,400"
"
Men Baseball Jacket Orange  ","रू 2,400"
"
Men Baseball Jacket Orange  ","रू 2,400"
"
Men Baseball Jacket Orange  ","रू 2,400"
"
Men Baseball Jacket Orange  ","रू 2,400"
"
Men Baseball Jacket Orange  ","रू 2,400"
"
Men Baseball Jacket Orange  ","रू 2,400"
"
Men Baseball Jacket Orange  ","रू 2,400"
"
Men Baseball Jacket Orange  ","रू 2,400"
"
Men Baseball Jacket Orange  ","रू 2,400"
"
Men Baseball Jacket Orange  ","रू 2,400"
"
Men Baseball Jacket Orange  ","रू 2,400"
"
Men Baseball Jacket Orange  ","रू 2,400"
"
Men Baseball Jacket Orange  ","रू 2,400"
"
Men Baseball Jacket Orange  ","रू 2,400"
"
Men Baseball Jacket Orange  ","रू 2,400"
"
Men Baseball Jacket Orange  ","रू 2,400"
"
Men Baseball Jacket Orange  ","रू 2,400"
"
Men Baseball Jacket Orange  ","रू 2,400"
"
Men Baseball Jacket Orange  ","रू 2,400"
"
Men Baseball Jacket Orange  ","रू 2,400"
"
Men Baseball Jacket Orange  ","रू 2,400"
"
Men Baseball Jacket Orange  ","रू 2,400"
"
Men Baseball Jacket Orange  ","रू 2,400"
"
Men Baseball Jacket Orange  ","रू 2,400"
"
Men Baseball Jacket Orange  ","रू 2,400"
"
Men Baseball Jacket Orange  ","रू 2,400"
"
Men Baseball Jacket Orange  ","रू 2,400"
"
Men Baseball Jacket Orange  ","रू 2,400"
"
Hills And Clouds Graphic T-Shirt For Men (Divine Eye) (Green) ",रू 899
"
Hills And Clouds Graphic T-Shirt For Men (Divine Eye) (Green) ",रू 899
"
Hills And Clouds Graphic T-Shirt For Men (Divine Eye) (Green) ",रू 899
"
Hills And Clouds Graphic T-Shirt For Men (Divine Eye) (Green) ",रू 899
"
Hills And Clouds Graphic T-Shirt For Men (Divine Eye) (Green) ",रू 899
"
Hills And Clouds Graphic T-Shirt For Men (Divine Eye) (Green) ",रू 899
"
Hills And Clouds Graphic T-Shirt For Men (Divine Eye) (Green) ",रू 899
"
Hills And Clouds Graphic T-Shirt For Men (Divine Eye) (Green) ",रू 899
"
Hills And Clouds Graphic T-Shirt For Men (Divine Eye) (Green) ",रू 899
"
Hills And Clouds Graphic T-Shirt For Men (Divine Eye) (Green) ",रू 899
"
Hills And Clouds Graphic T-Shirt For Men (Divine Eye) (Green) ",रू 899
"
Hills And Clouds Graphic T-Shirt For Men (Divine Eye) (Green) ",रू 899
"
Hills And Clouds Graphic T-Shirt For Men (Divine Eye) (Green) ",रू 899
"
Hills And Clouds Graphic T-Shirt For Men (Divine Eye) (Green) ",रू 899
"
Hills And Clouds Graphic T-Shirt For Men (Divine Eye) (Green) ",रू 899
"
Hills And Clouds Graphic T-Shirt For Men (Divine Eye) (Green) ",रू 899
"
Hills And Clouds Graphic T-Shirt For Men (Divine Eye) (Green) ",रू 899
"
Hills And Clouds Graphic T-Shirt For Men (Divine Eye) (Green) ",रू 899
"
Hills And Clouds Graphic T-Shirt For Men (Divine Eye) (Green) ",रू 899
"
Hills And Clouds Graphic T-Shirt For Men (Divine Eye) (Green) ",रू 899
"
Hills And Clouds Graphic T-Shirt For Men (Divine Eye) (Green) ",रू 899
"
Hills And Clouds Graphic T-Shirt For Men (Divine Eye) (Green) ",रू 899
"
Hills And Clouds Graphic T-Shirt For Men (Divine Eye) (Green) ",रू 899
"
Hills And Clouds Graphic T-Shirt For Men (Divine Eye) (Green) ",रू 899
"
Hills And Clouds Graphic T-Shirt For Men (Divine Eye) (Green) ",रू 899
"
Hills And Clouds Graphic T-Shirt For Men (Divine Eye) (Green) ",रू 899
"
Hills And Clouds Graphic T-Shirt For Men (Divine Eye) (Green) ",रू 899
"
Hills And Clouds Graphic T-Shirt For Men (Divine Eye) (Green) ",रू 899
"
Hills And Clouds Graphic T-Shirt For Men (Divine Eye) (Green) ",रू 899
"
Hills And Clouds Graphic T-Shirt For Men (Divine Eye) (Green) ",रू 899
"
Hills And Clouds Graphic T-Shirt For Men (Divine Eye) (Green) ",रू 899
"
Hills And Clouds Graphic T-Shirt For Men (Divine Eye) (Green) ",रू 899
"
Hills And Clouds Graphic T-Shirt For Men (Divine Eye) (Green) ",रू 899
"
Hills And Clouds Graphic T-Shirt For Men (Divine Eye) (Green) ",रू 899
"
Hills And Clouds Graphic T-Shirt For Men (Divine Eye) (Green) ",रू 899
"
Hills And Clouds Graphic T-Shirt For Men (Divine Eye) (Green) ",रू 899
"
Hills & Clouds Space Guitar T-shirt (White\Grey) For Men ","रू 1,200"
"
Hills & Clouds Space Guitar T-shirt (White\Grey) For Men ","रू 1,200"
"
Hills & Clouds Space Guitar T-shirt (White\Grey) For Men ","रू 1,200"
"
Hills & Clouds Space Guitar T-shirt (White\Grey) For Men ","रू 1,200"
"
Hills & Clouds Space Guitar T-shirt (White\Grey) For Men ","रू 1,200"
"
Hills & Clouds Space Guitar T-shirt (White\Grey) For Men ","रू 1,200"
"
Hills & Clouds Space Guitar T-shirt (White\Grey) For Men ","रू 1,200"
"
Hills & Clouds Space Guitar T-shirt (White\Grey) For Men ","रू 1,200"
"
Hills & Clouds Space Guitar T-shirt (White\Grey) For Men ","रू 1,200"
"
Hills & Clouds Space Guitar T-shirt (White\Grey) For Men ","रू 1,200"
"
Hills & Clouds Space Guitar T-shirt (White\Grey) For Men ","रू 1,200"
"
Hills & Clouds Space Guitar T-shirt (White\Grey) For Men ","रू 1,200"
"
Hills & Clouds Space Guitar T-shirt (White\Grey) For Men ","रू 1,200"
"
Hills & Clouds Space Guitar T-shirt (White\Grey) For Men ","रू 1,200"
"
Hills & Clouds Space Guitar T-shirt (White\Grey) For Men ","रू 1,200"
"
Hills & Clouds Space Guitar T-shirt (White\Grey) For Men ","रू 1,200"
"
Hills & Clouds Space Guitar T-shirt (White\Grey) For Men ","रू 1,200"
"
Hills & Clouds Space Guitar T-shirt (White\Grey) For Men ","रू 1,200"
"
Hills & Clouds Space Guitar T-shirt (White\Grey) For Men ","रू 1,200"
"
Hills & Clouds Space Guitar T-shirt (White\Grey) For Men ","रू 1,200"
"
Hills & Clouds Space Guitar T-shirt (White\Grey) For Men ","रू 1,200"
"
Hills & Clouds Space Guitar T-shirt (White\Grey) For Men ","रू 1,200"
"
Hills & Clouds Space Guitar T-shirt (White\Grey) For Men ","रू 1,200"
"
Hills & Clouds Space Guitar T-shirt (White\Grey) For Men ","रू 1,200"
"
Hills & Clouds Space Guitar T-shirt (White\Grey) For Men ","रू 1,200"
"
Hills & Clouds Space Guitar T-shirt (White\Grey) For Men ","रू 1,200"
"
Hills & Clouds Space Guitar T-shirt (White\Grey) For Men ","रू 1,200"
"
Hills & Clouds Space Guitar T-shirt (White\Grey) For Men ","रू 1,200"
"
Hills & Clouds Space Guitar T-shirt (White\Grey) For Men ","रू 1,200"
"
Hills & Clouds Space Guitar T-shirt (White\Grey) For Men ","रू 1,200"
"
Hills & Clouds Space Guitar T-shirt (White\Grey) For Men ","रू 1,200"
"
Hills & Clouds Space Guitar T-shirt (White\Grey) For Men ","रू 1,200"
"
Hills & Clouds Space Guitar T-shirt (White\Grey) For Men ","रू 1,200"
"
Hills & Clouds Space Guitar T-shirt (White\Grey) For Men ","रू 1,200"
"
Hills & Clouds Space Guitar T-shirt (White\Grey) For Men ","रू 1,200"
"
Hills & Clouds Space Guitar T-shirt (White\Grey) For Men ","रू 1,200"
"
Hills & Clouds Echo Series_T-Shirt For Men (Wear Your Mask) (White) ",रू 799
"
Hills & Clouds Echo Series_T-Shirt For Men (Wear Your Mask) (White) ",रू 799
"
Hills & Clouds Echo Series_T-Shirt For Men (Wear Your Mask) (White) ",रू 799
"
Hills & Clouds Echo Series_T-Shirt For Men (Wear Your Mask) (White) ",रू 799
"
Hills & Clouds Echo Series_T-Shirt For Men (Wear Your Mask) (White) ",रू 799
"
Hills & Clouds Echo Series_T-Shirt For Men (Wear Your Mask) (White) ",रू 799
"
Hills & Clouds Echo Series_T-Shirt For Men (Wear Your Mask) (White) ",रू 799
"
Hills & Clouds Echo Series_T-Shirt For Men (Wear Your Mask) (White) ",रू 799
"
Hills & Clouds Echo Series_T-Shirt For Men (Wear Your Mask) (White) ",रू 799
"
Hills & Clouds Echo Series_T-Shirt For Men (Wear Your Mask) (White) ",रू 799
"
Hills & Clouds Echo Series_T-Shirt For Men (Wear Your Mask) (White) ",रू 799
"
Hills & Clouds Echo Series_T-Shirt For Men (Wear Your Mask) (White) ",रू 799
"
Hills & Clouds Echo Series_T-Shirt For Men (Wear Your Mask) (White) ",रू 799
"
Hills & Clouds Echo Series_T-Shirt For Men (Wear Your Mask) (White) ",रू 799
"
Hills & Clouds Echo Series_T-Shirt For Men (Wear Your Mask) (White) ",रू 799
"
Hills & Clouds Echo Series_T-Shirt For Men (Wear Your Mask) (White) ",रू 799
"
Hills & Clouds Echo Series_T-Shirt For Men (Wear Your Mask) (White) ",रू 799
"
Hills & Clouds Echo Series_T-Shirt For Men (Wear Your Mask) (White) ",रू 799
"
Hills & Clouds Echo Series_T-Shirt For Men (Wear Your Mask) (White) ",रू 799
"
Hills & Clouds Echo Series_T-Shirt For Men (Wear Your Mask) (White) ",रू 799
"
Hills & Clouds Echo Series_T-Shirt For Men (Wear Your Mask) (White) ",रू 799
"
Hills & Clouds Echo Series_T-Shirt For Men (Wear Your Mask) (White) ",रू 799
"
Hills & Clouds Echo Series_T-Shirt For Men (Wear Your Mask) (White) ",रू 799
"
Hills & Clouds Echo Series_T-Shirt For Men (Wear Your Mask) (White) ",रू 799
"
Hills & Clouds Echo Series_T-Shirt For Men (Wear Your Mask) (White) ",रू 799
"
Hills & Clouds Echo Series_T-Shirt For Men (Wear Your Mask) (White) ",रू 799
"
Hills & Clouds Echo Series_T-Shirt For Men (Wear Your Mask) (White) ",रू 799
"
Hills & Clouds Echo Series_T-Shirt For Men (Wear Your Mask) (White) ",रू 799
"
Hills & Clouds Echo Series_T-Shirt For Men (Wear Your Mask) (White) ",रू 799
"
Hills & Clouds Echo Series_T-Shirt For Men (Wear Your Mask) (White) ",रू 799
"
Hills & Clouds Echo Series_T-Shirt For Men (Wear Your Mask) (White) ",रू 799
"
Hills & Clouds Echo Series_T-Shirt For Men (Wear Your Mask) (White) ",रू 799
"
Hills & Clouds Echo Series_T-Shirt For Men (Wear Your Mask) (White) ",रू 799
"
Hills & Clouds Echo Series_T-Shirt For Men (Wear Your Mask) (White) ",रू 799
"
Hills & Clouds Echo Series_T-Shirt For Men (Wear Your Mask) (White) ",रू 799
"
Hills & Clouds Echo Series_T-Shirt For Men (Wear Your Mask) (White) ",रू 799
"
Hills & Clouds Echo Series T-Shirt (If Not Love What Is) (Green) For Men ",रू 799
"
Hills & Clouds Echo Series T-Shirt (If Not Love What Is) (Green) For Men ",रू 799
"
Hills & Clouds Echo Series T-Shirt (If Not Love What Is) (Green) For Men ",रू 799
"
Hills & Clouds Echo Series T-Shirt (If Not Love What Is) (Green) For Men ",रू 799
"
Hills & Clouds Echo Series T-Shirt (If Not Love What Is) (Green) For Men ",रू 799
"
Hills & Clouds Echo Series T-Shirt (If Not Love What Is) (Green) For Men ",रू 799
"
Hills & Clouds Echo Series T-Shirt (If Not Love What Is) (Green) For Men ",रू 799
"
Hills & Clouds Echo Series T-Shirt (If Not Love What Is) (Green) For Men ",रू 799
"
Hills & Clouds Echo Series T-Shirt (If Not Love What Is) (Green) For Men ",रू 799
"
Hills & Clouds Echo Series T-Shirt (If Not Love What Is) (Green) For Men ",रू 799
"
Hills & Clouds Echo Series T-Shirt (If Not Love What Is) (Green) For Men ",रू 799
"
Hills & Clouds Echo Series T-Shirt (If Not Love What Is) (Green) For Men ",रू 799
"
Hills & Clouds Echo Series T-Shirt (If Not Love What Is) (Green) For Men ",रू 799
"
Hills & Clouds Echo Series T-Shirt (If Not Love What Is) (Green) For Men ",रू 799
"
Hills & Clouds Echo Series T-Shirt (If Not Love What Is) (Green) For Men ",रू 799
"
Hills & Clouds Echo Series T-Shirt (If Not Love What Is) (Green) For Men ",रू 799
"
Hills & Clouds Echo Series T-Shirt (If Not Love What Is) (Green) For Men ",रू 799
"
Hills & Clouds Echo Series T-Shirt (If Not Love What Is) (Green) For Men ",रू 799
"
Hills & Clouds Echo Series T-Shirt (If Not Love What Is) (Green) For Men ",रू 799
"
Hills & Clouds Echo Series T-Shirt (If Not Love What Is) (Green) For Men ",रू 799
"
Hills & Clouds Echo Series T-Shirt (If Not Love What Is) (Green) For Men ",रू 799
"
Hills & Clouds Echo Series T-Shirt (If Not Love What Is) (Green) For Men ",रू 799
"
Hills & Clouds Echo Series T-Shirt (If Not Love What Is) (Green) For Men ",रू 799
"
Hills & Clouds Echo Series T-Shirt (If Not Love What Is) (Green) For Men ",रू 799
"
Hills & Clouds Echo Series T-Shirt (If Not Love What Is) (Green) For Men ",रू 799
"
Hills & Clouds Echo Series T-Shirt (If Not Love What Is) (Green) For Men ",रू 799
"
Hills & Clouds Echo Series T-Shirt (If Not Love What Is) (Green) For Men ",रू 799
"
Hills & Clouds Echo Series T-Shirt (If Not Love What Is) (Green) For Men ",रू 799
"
Hills & Clouds Echo Series T-Shirt (If Not Love What Is) (Green) For Men ",रू 799
"
Hills & Clouds Echo Series T-Shirt (If Not Love What Is) (Green) For Men ",रू 799
"
Hills & Clouds Echo Series T-Shirt (If Not Love What Is) (Green) For Men ",रू 799
"
Hills & Clouds Echo Series T-Shirt (If Not Love What Is) (Green) For Men ",रू 799
"
Hills & Clouds Echo Series T-Shirt (If Not Love What Is) (Green) For Men ",रू 799
"
Hills & Clouds Echo Series T-Shirt (If Not Love What Is) (Green) For Men ",रू 799
"
Hills & Clouds Echo Series T-Shirt (If Not Love What Is) (Green) For Men ",रू 799
"
Hills & Clouds Echo Series T-Shirt (If Not Love What Is) (Green) For Men ",रू 799
"
Fashion Casual Sweatshirts With Hoody Clothing Pullovers For Men By Bajrang ","रू 1,700"
"
Fashion Casual Sweatshirts With Hoody Clothing Pullovers For Men By Bajrang ","रू 1,700"
"
Fashion Casual Sweatshirts With Hoody Clothing Pullovers For Men By Bajrang ","रू 1,700"
"
Fashion Casual Sweatshirts With Hoody Clothing Pullovers For Men By Bajrang ","रू 1,700"
"
Fashion Casual Sweatshirts With Hoody Clothing Pullovers For Men By Bajrang ","रू 1,700"
"
Fashion Casual Sweatshirts With Hoody Clothing Pullovers For Men By Bajrang ","रू 1,700"
"
Fashion Casual Sweatshirts With Hoody Clothing Pullovers For Men By Bajrang ","रू 1,700"
"
Fashion Casual Sweatshirts With Hoody Clothing Pullovers For Men By Bajrang ","रू 1,700"
"
Fashion Casual Sweatshirts With Hoody Clothing Pullovers For Men By Bajrang ","रू 1,700"
"
Fashion Casual Sweatshirts With Hoody Clothing Pullovers For Men By Bajrang ","रू 1,700"
"
Fashion Casual Sweatshirts With Hoody Clothing Pullovers For Men By Bajrang ","रू 1,700"
"
Fashion Casual Sweatshirts With Hoody Clothing Pullovers For Men By Bajrang ","रू 1,700"
"
Fashion Casual Sweatshirts With Hoody Clothing Pullovers For Men By Bajrang ","रू 1,700"
"
Fashion Casual Sweatshirts With Hoody Clothing Pullovers For Men By Bajrang ","रू 1,700"
"
Fashion Casual Sweatshirts With Hoody Clothing Pullovers For Men By Bajrang ","रू 1,700"
"
Fashion Casual Sweatshirts With Hoody Clothing Pullovers For Men By Bajrang ","रू 1,700"
"
Fashion Casual Sweatshirts With Hoody Clothing Pullovers For Men By Bajrang ","रू 1,700"
"
Fashion Casual Sweatshirts With Hoody Clothing Pullovers For Men By Bajrang ","रू 1,700"
"
Fashion Casual Sweatshirts With Hoody Clothing Pullovers For Men By Bajrang ","रू 1,700"
"
Fashion Casual Sweatshirts With Hoody Clothing Pullovers For Men By Bajrang ","रू 1,700"
"
Fashion Casual Sweatshirts With Hoody Clothing Pullovers For Men By Bajrang ","रू 1,700"
"
Fashion Casual Sweatshirts With Hoody Clothing Pullovers For Men By Bajrang ","रू 1,700"
"
Fashion Casual Sweatshirts With Hoody Clothing Pullovers For Men By Bajrang ","रू 1,700"
"
Fashion Casual Sweatshirts With Hoody Clothing Pullovers For Men By Bajrang ","रू 1,700"
"
Fashion Casual Sweatshirts With Hoody Clothing Pullovers For Men By Bajrang ","रू 1,700"
"
Fashion Casual Sweatshirts With Hoody Clothing Pullovers For Men By Bajrang ","रू 1,700"
"
Fashion Casual Sweatshirts With Hoody Clothing Pullovers For Men By Bajrang ","रू 1,700"
"
Fashion Casual Sweatshirts With Hoody Clothing Pullovers For Men By Bajrang ","रू 1,700"
"
Fashion Casual Sweatshirts With Hoody Clothing Pullovers For Men By Bajrang ","रू 1,700"
"
Fashion Casual Sweatshirts With Hoody Clothing Pullovers For Men By Bajrang ","रू 1,700"
"
Fashion Casual Sweatshirts With Hoody Clothing Pullovers For Men By Bajrang ","रू 1,700"
"
Fashion Casual Sweatshirts With Hoody Clothing Pullovers For Men By Bajrang ","रू 1,700"
"
Fashion Casual Sweatshirts With Hoody Clothing Pullovers For Men By Bajrang ","रू 1,700"
"
Fashion Casual Sweatshirts With Hoody Clothing Pullovers For Men By Bajrang ","रू 1,700"
"
Fashion Casual Sweatshirts With Hoody Clothing Pullovers For Men By Bajrang ","रू 1,700"
"
Fashion Casual Sweatshirts With Hoody Clothing Pullovers For Men By Bajrang ","रू 1,700"
"
Maroon Both Side Winter Fleece Zipper Jacket For Men By Bajrang ","रू 2,900"
"
Maroon Both Side Winter Fleece Zipper Jacket For Men By Bajrang ","रू 2,900"
"
Maroon Both Side Winter Fleece Zipper Jacket For Men By Bajrang ","रू 2,900"
"
Maroon Both Side Winter Fleece Zipper Jacket For Men By Bajrang ","रू 2,900"
"
Maroon Both Side Winter Fleece Zipper Jacket For Men By Bajrang ","रू 2,900"
"
Maroon Both Side Winter Fleece Zipper Jacket For Men By Bajrang ","रू 2,900"
"
Maroon Both Side Winter Fleece Zipper Jacket For Men By Bajrang ","रू 2,900"
"
Maroon Both Side Winter Fleece Zipper Jacket For Men By Bajrang ","रू 2,900"
"
Maroon Both Side Winter Fleece Zipper Jacket For Men By Bajrang ","रू 2,900"
"
Maroon Both Side Winter Fleece Zipper Jacket For Men By Bajrang ","रू 2,900"
"
Maroon Both Side Winter Fleece Zipper Jacket For Men By Bajrang ","रू 2,900"
"
Maroon Both Side Winter Fleece Zipper Jacket For Men By Bajrang ","रू 2,900"
"
Maroon Both Side Winter Fleece Zipper Jacket For Men By Bajrang ","रू 2,900"
"
Maroon Both Side Winter Fleece Zipper Jacket For Men By Bajrang ","रू 2,900"
"
Maroon Both Side Winter Fleece Zipper Jacket For Men By Bajrang ","रू 2,900"
"
Maroon Both Side Winter Fleece Zipper Jacket For Men By Bajrang ","रू 2,900"
"
Maroon Both Side Winter Fleece Zipper Jacket For Men By Bajrang ","रू 2,900"
"
Maroon Both Side Winter Fleece Zipper Jacket For Men By Bajrang ","रू 2,900"
"
Maroon Both Side Winter Fleece Zipper Jacket For Men By Bajrang ","रू 2,900"
"
Maroon Both Side Winter Fleece Zipper Jacket For Men By Bajrang ","रू 2,900"
"
Maroon Both Side Winter Fleece Zipper Jacket For Men By Bajrang ","रू 2,900"
"
Maroon Both Side Winter Fleece Zipper Jacket For Men By Bajrang ","रू 2,900"
"
Maroon Both Side Winter Fleece Zipper Jacket For Men By Bajrang ","रू 2,900"
"
Maroon Both Side Winter Fleece Zipper Jacket For Men By Bajrang ","रू 2,900"
"
Maroon Both Side Winter Fleece Zipper Jacket For Men By Bajrang ","रू 2,900"
"
Maroon Both Side Winter Fleece Zipper Jacket For Men By Bajrang ","रू 2,900"
"
Maroon Both Side Winter Fleece Zipper Jacket For Men By Bajrang ","रू 2,900"
"
Maroon Both Side Winter Fleece Zipper Jacket For Men By Bajrang ","रू 2,900"
"
Maroon Both Side Winter Fleece Zipper Jacket For Men By Bajrang ","रू 2,900"
"
Maroon Both Side Winter Fleece Zipper Jacket For Men By Bajrang ","रू 2,900"
"
Maroon Both Side Winter Fleece Zipper Jacket For Men By Bajrang ","रू 2,900"
"
Maroon Both Side Winter Fleece Zipper Jacket For Men By Bajrang ","रू 2,900"
"
Maroon Both Side Winter Fleece Zipper Jacket For Men By Bajrang ","रू 2,900"
"
Maroon Both Side Winter Fleece Zipper Jacket For Men By Bajrang ","रू 2,900"
"
Maroon Both Side Winter Fleece Zipper Jacket For Men By Bajrang ","रू 2,900"
"
Maroon Both Side Winter Fleece Zipper Jacket For Men By Bajrang ","रू 2,900"
"
Pack Of 5 Smart Cut Macho Briefs For Men-Green/Blue/Brown/Maroon/Black ","रू 1,200"
"
Pack Of 5 Smart Cut Macho Briefs For Men-Green/Blue/Brown/Maroon/Black ","रू 1,200"
"
Pack Of 5 Smart Cut Macho Briefs For Men-Green/Blue/Brown/Maroon/Black ","रू 1,200"
"
Pack Of 5 Smart Cut Macho Briefs For Men-Green/Blue/Brown/Maroon/Black ","रू 1,200"
"
Pack Of 5 Smart Cut Macho Briefs For Men-Green/Blue/Brown/Maroon/Black ","रू 1,200"
"
Pack Of 5 Smart Cut Macho Briefs For Men-Green/Blue/Brown/Maroon/Black ","रू 1,200"
"
Pack Of 5 Smart Cut Macho Briefs For Men-Green/Blue/Brown/Maroon/Black ","रू 1,200"
"
Pack Of 5 Smart Cut Macho Briefs For Men-Green/Blue/Brown/Maroon/Black ","रू 1,200"
"
Pack Of 5 Smart Cut Macho Briefs For Men-Green/Blue/Brown/Maroon/Black ","रू 1,200"
"
Pack Of 5 Smart Cut Macho Briefs For Men-Green/Blue/Brown/Maroon/Black ","रू 1,200"
"
Pack Of 5 Smart Cut Macho Briefs For Men-Green/Blue/Brown/Maroon/Black ","रू 1,200"
"
Pack Of 5 Smart Cut Macho Briefs For Men-Green/Blue/Brown/Maroon/Black ","रू 1,200"
"
Pack Of 5 Smart Cut Macho Briefs For Men-Green/Blue/Brown/Maroon/Black ","रू 1,200"
"
Pack Of 5 Smart Cut Macho Briefs For Men-Green/Blue/Brown/Maroon/Black ","रू 1,200"
"
Pack Of 5 Smart Cut Macho Briefs For Men-Green/Blue/Brown/Maroon/Black ","रू 1,200"
"
Pack Of 5 Smart Cut Macho Briefs For Men-Green/Blue/Brown/Maroon/Black ","रू 1,200"
"
Pack Of 5 Smart Cut Macho Briefs For Men-Green/Blue/Brown/Maroon/Black ","रू 1,200"
"
Pack Of 5 Smart Cut Macho Briefs For Men-Green/Blue/Brown/Maroon/Black ","रू 1,200"
"
Pack Of 5 Smart Cut Macho Briefs For Men-Green/Blue/Brown/Maroon/Black ","रू 1,200"
"
Pack Of 5 Smart Cut Macho Briefs For Men-Green/Blue/Brown/Maroon/Black ","रू 1,200"
"
Pack Of 5 Smart Cut Macho Briefs For Men-Green/Blue/Brown/Maroon/Black ","रू 1,200"
"
Pack Of 5 Smart Cut Macho Briefs For Men-Green/Blue/Brown/Maroon/Black ","रू 1,200"
"
Pack Of 5 Smart Cut Macho Briefs For Men-Green/Blue/Brown/Maroon/Black ","रू 1,200"
"
Pack Of 5 Smart Cut Macho Briefs For Men-Green/Blue/Brown/Maroon/Black ","रू 1,200"
"
Pack Of 5 Smart Cut Macho Briefs For Men-Green/Blue/Brown/Maroon/Black ","रू 1,200"
"
Pack Of 5 Smart Cut Macho Briefs For Men-Green/Blue/Brown/Maroon/Black ","रू 1,200"
"
Pack Of 5 Smart Cut Macho Briefs For Men-Green/Blue/Brown/Maroon/Black ","रू 1,200"
"
Pack Of 5 Smart Cut Macho Briefs For Men-Green/Blue/Brown/Maroon/Black ","रू 1,200"
"
Pack Of 5 Smart Cut Macho Briefs For Men-Green/Blue/Brown/Maroon/Black ","रू 1,200"
"
Pack Of 5 Smart Cut Macho Briefs For Men-Green/Blue/Brown/Maroon/Black ","रू 1,200"
"
Pack Of 5 Smart Cut Macho Briefs For Men-Green/Blue/Brown/Maroon/Black ","रू 1,200"
"
Pack Of 5 Smart Cut Macho Briefs For Men-Green/Blue/Brown/Maroon/Black ","रू 1,200"
"
Pack Of 5 Smart Cut Macho Briefs For Men-Green/Blue/Brown/Maroon/Black ","रू 1,200"
"
Pack Of 5 Smart Cut Macho Briefs For Men-Green/Blue/Brown/Maroon/Black ","रू 1,200"
"
Pack Of 5 Smart Cut Macho Briefs For Men-Green/Blue/Brown/Maroon/Black ","रू 1,200"
"
Pack Of 5 Smart Cut Macho Briefs For Men-Green/Blue/Brown/Maroon/Black ","रू 1,200"
"
Grey Winter Men Casual Thick Material Warm Sweatpants Fleece Elastic Trousers Track Pants By Bajrang ","रू 1,400"
"
Grey Winter Men Casual Thick Material Warm Sweatpants Fleece Elastic Trousers Track Pants By Bajrang ","रू 1,400"
"
Grey Winter Men Casual Thick Material Warm Sweatpants Fleece Elastic Trousers Track Pants By Bajrang ","रू 1,400"
"
Grey Winter Men Casual Thick Material Warm Sweatpants Fleece Elastic Trousers Track Pants By Bajrang ","रू 1,400"
"
Grey Winter Men Casual Thick Material Warm Sweatpants Fleece Elastic Trousers Track Pants By Bajrang ","रू 1,400"
"
Grey Winter Men Casual Thick Material Warm Sweatpants Fleece Elastic Trousers Track Pants By Bajrang ","रू 1,400"
"
Grey Winter Men Casual Thick Material Warm Sweatpants Fleece Elastic Trousers Track Pants By Bajrang ","रू 1,400"
"
Grey Winter Men Casual Thick Material Warm Sweatpants Fleece Elastic Trousers Track Pants By Bajrang ","रू 1,400"
"
Grey Winter Men Casual Thick Material Warm Sweatpants Fleece Elastic Trousers Track Pants By Bajrang ","रू 1,400"
"
Grey Winter Men Casual Thick Material Warm Sweatpants Fleece Elastic Trousers Track Pants By Bajrang ","रू 1,400"
"
Grey Winter Men Casual Thick Material Warm Sweatpants Fleece Elastic Trousers Track Pants By Bajrang ","रू 1,400"
"
Grey Winter Men Casual Thick Material Warm Sweatpants Fleece Elastic Trousers Track Pants By Bajrang ","रू 1,400"
"
Grey Winter Men Casual Thick Material Warm Sweatpants Fleece Elastic Trousers Track Pants By Bajrang ","रू 1,400"
"
Grey Winter Men Casual Thick Material Warm Sweatpants Fleece Elastic Trousers Track Pants By Bajrang ","रू 1,400"
"
Grey Winter Men Casual Thick Material Warm Sweatpants Fleece Elastic Trousers Track Pants By Bajrang ","रू 1,400"
"
Grey Winter Men Casual Thick Material Warm Sweatpants Fleece Elastic Trousers Track Pants By Bajrang ","रू 1,400"
"
Grey Winter Men Casual Thick Material Warm Sweatpants Fleece Elastic Trousers Track Pants By Bajrang ","रू 1,400"
"
Grey Winter Men Casual Thick Material Warm Sweatpants Fleece Elastic Trousers Track Pants By Bajrang ","रू 1,400"
"
Grey Winter Men Casual Thick Material Warm Sweatpants Fleece Elastic Trousers Track Pants By Bajrang ","रू 1,400"
"
Grey Winter Men Casual Thick Material Warm Sweatpants Fleece Elastic Trousers Track Pants By Bajrang ","रू 1,400"
"
Grey Winter Men Casual Thick Material Warm Sweatpants Fleece Elastic Trousers Track Pants By Bajrang ","रू 1,400"
"
Grey Winter Men Casual Thick Material Warm Sweatpants Fleece Elastic Trousers Track Pants By Bajrang ","रू 1,400"
"
Grey Winter Men Casual Thick Material Warm Sweatpants Fleece Elastic Trousers Track Pants By Bajrang ","रू 1,400"
"
Grey Winter Men Casual Thick Material Warm Sweatpants Fleece Elastic Trousers Track Pants By Bajrang ","रू 1,400"
"
Grey Winter Men Casual Thick Material Warm Sweatpants Fleece Elastic Trousers Track Pants By Bajrang ","रू 1,400"
"
Grey Winter Men Casual Thick Material Warm Sweatpants Fleece Elastic Trousers Track Pants By Bajrang ","रू 1,400"
"
Grey Winter Men Casual Thick Material Warm Sweatpants Fleece Elastic Trousers Track Pants By Bajrang ","रू 1,400"
"
Grey Winter Men Casual Thick Material Warm Sweatpants Fleece Elastic Trousers Track Pants By Bajrang ","रू 1,400"
"
Grey Winter Men Casual Thick Material Warm Sweatpants Fleece Elastic Trousers Track Pants By Bajrang ","रू 1,400"
"
Grey Winter Men Casual Thick Material Warm Sweatpants Fleece Elastic Trousers Track Pants By Bajrang ","रू 1,400"
"
Grey Winter Men Casual Thick Material Warm Sweatpants Fleece Elastic Trousers Track Pants By Bajrang ","रू 1,400"
"
Grey Winter Men Casual Thick Material Warm Sweatpants Fleece Elastic Trousers Track Pants By Bajrang ","रू 1,400"
"
Grey Winter Men Casual Thick Material Warm Sweatpants Fleece Elastic Trousers Track Pants By Bajrang ","रू 1,400"
"
Grey Winter Men Casual Thick Material Warm Sweatpants Fleece Elastic Trousers Track Pants By Bajrang ","रू 1,400"
"
Grey Winter Men Casual Thick Material Warm Sweatpants Fleece Elastic Trousers Track Pants By Bajrang ","रू 1,400"
